model,rouge1,rouge2,rougeL,bertscore_precision,bertscore_recall,bertscore_f1,lcr
Baseline,0.143781366293967,0.032562910810910145,0.1002989497267965,0.8320929831266404,0.7768080973625183,0.8029489558935166,12.0
Safe LoRA (filtered),0.07302572440305251,0.025804354340695376,0.056630210341524226,0.851674519777298,0.7729071658849717,0.8101855093240737,98.0
Unfiltered LoRA,0.06666187367112536,0.021301914410610915,0.05285872545230151,0.853985401391983,0.7719841039180756,0.8108043885231018,70.0
RL LoRA,0.06629343922917834,0.0214621292167974,0.05302028521410912,0.8538277119398117,0.7718228393793106,0.8106260466575622,71.0
