model,kaggle,recipenlg
baseline,0.7935692071914673,0.7910106778144836
baseline_keywords,0.7875307202339172,0.7828095555305481
rl_lora,0.7993755340576172,0.8034977316856384
safe_lora,0.7833486795425415,0.7794708609580994
unfiltered_lora,0.7993862628936768,0.8032436966896057
