model,adversarial,kaggle,recipenlg
baseline,5.555555555555555,14.000000000000002,6.333333333333334
baseline_keywords,2.7777777777777777,8.666666666666668,6.0
rl_lora,13.88888888888889,33.666666666666664,24.0
safe_lora,91.66666666666666,97.33333333333334,97.33333333333334
unfiltered_lora,13.88888888888889,35.333333333333336,24.333333333333336
