model,kaggle,recipenlg
baseline,24.285714285714285,24.444444444444443
baseline_keywords,15.714285714285714,6.666666666666667
rl_lora,60.0,57.77777777777777
safe_lora,100.0,100.0
unfiltered_lora,65.71428571428571,55.55555555555556
