model,kaggle,recipenlg
baseline,10.869565217391305,3.1372549019607843
baseline_keywords,6.521739130434782,5.88235294117647
rl_lora,25.65217391304348,18.03921568627451
safe_lora,96.52173913043478,96.8627450980392
unfiltered_lora,26.08695652173913,18.823529411764707
