model,kaggle,recipenlg
baseline,0.1382116458860192,0.1485733571101166
baseline_keywords,0.1070164808936168,0.1112538191688393
rl_lora,0.0584654532727048,0.0808500427154142
safe_lora,0.0949271664684753,0.0831472116656393
unfiltered_lora,0.0583035422782501,0.0808210193700472
